amino_acid,coefficient,std_error,oob_r2,ci_lo,ci_hi,boot_frac_nonzero
A,1.5400907332796887,0.02962723472436305,0.882790136677589,1.4826206758525835,1.599501309026219,1.0
C,0.0,0.0,0.882790136677589,0.0,0.0,0.0
D,2.276447617667606,0.05082944338715936,0.882790136677589,2.181013125707002,2.383031871831886,1.0
E,1.9542172860188747,0.03567593122233557,0.882790136677589,1.8834199280357804,2.0250807734994667,1.0
F,0.10681300505542064,0.06310820920903634,0.882790136677589,0.0,0.23403545996710712,0.9435
G,0.7843802980121081,0.03419491342288333,0.882790136677589,0.7199071271309303,0.8493559928919735,1.0
H,0.3645545649694312,0.07392255324094131,0.882790136677589,0.22468299416341148,0.5158275292744054,1.0
I,0.6740908244978989,0.03766693720426967,0.882790136677589,0.6036598465108776,0.7511693504389656,1.0
K,0.00020952605622458965,0.002942392849925719,0.882790136677589,0.0,0.0,0.01
L,0.7581079382523023,0.02922144625492639,0.882790136677589,0.7008518015160279,0.8141593966244578,1.0
M,0.07333574385026628,0.07554143012334115,0.882790136677589,0.0,0.24343458991576913,0.714
N,0.8462509335124334,0.049284106520967944,0.882790136677589,0.7472410966694465,0.9409609421708719,1.0
P,1.3647780613277862,0.04731185601145071,0.882790136677589,1.2740807734785773,1.4618716837910082,1.0
Q,0.13228455217900773,0.03856416091596102,0.882790136677589,0.05554590141032441,0.20786454425536655,1.0
R,0.022075514387775153,0.03914146438058589,0.882790136677589,0.0,0.13368798572896026,0.404
S,0.45742869773733597,0.03319301543834073,0.882790136677589,0.39500668589504545,0.5222636709742781,1.0
T,0.04520377681821514,0.037307111888108896,0.882790136677589,0.0,0.12638232160735288,0.836
V,0.17382337888847293,0.032539458119804715,0.882790136677589,0.10846231546241543,0.2359541414454942,1.0
W,0.15857724775431895,0.1707573055670625,0.882790136677589,0.0,0.5838229214044396,0.7095
Y,0.0006522057067794372,0.004954945872395773,0.882790136677589,0.0,0.0041412209204202575,0.029
